Friedman,Nasir,(463) 483-4729,hermanab@att.net,3
Harrison,Jamar,(698) 611-1395,gator@yahoo.ca,6
Bray,Ian,(576) 284-4008,rsmartin@aol.com,9
Dominguez,Anabella,(290) 904-3697,peoplesr@msn.com,10
Hudson,Tatum,(204) 408-5552,mwandel@gmail.com,8
House,Axel,(692) 977-8072,dsugal@yahoo.ca,4
Melton,Casey,(484) 689-8651,rgarton@icloud.com,8
Morales,Dania,(484) 414-7386,jmmuller@att.net,1
Salas,Parker,(646) 453-3789,mchugh@icloud.com,10
Huang,Marques,(446) 890-2217,lridener@att.net,2
Castillo,April,(498) 216-9021,crimsane@optonline.net,4
Colon,Christopher,(897) 249-5673,msherr@outlook.com,4
Schmitt,Rafael,(615) 213-6712,treit@gmail.com,3
Kim,Camden,(996) 402-6017,jacks@comcast.net,5
Bentley,Bennett,(987) 695-4383,sagal@verizon.net,3
Nixon,Karen,(453) 462-1779,hling@comcast.net,8
Wright,Lauren,(700) 493-8695,leslie@comcast.net,8
Lutz,Mia,(879) 535-9749,hermanab@aol.com,5
Walsh,Andreas,(722) 219-0612,kalpol@sbcglobal.net,6
Boyle,Lucille,(346) 804-3725,facet@mac.com,3
Bradley,Kiersten,(805) 258-5506,mbrown@me.com,1
Sharp,Zaria,(553) 904-9382,munson@comcast.net,5
Mcbride,Lilliana,(723) 963-0358,barnett@aol.com,5
Hull,Lukas,(702) 733-9493,imightb@optonline.net,4
Prince,Nyla,(384) 581-1429,fudrucker@icloud.com,10
Meyers,Coleman,(471) 739-1864,errxn@msn.com,7
Skinner,Shaun,(368) 844-5345,webdragon@comcast.net,10
Lloyd,Heather,(903) 449-0479,drhyde@mac.com,8
Lawrence,Vincent,(902) 272-1644,barnett@yahoo.ca,9
Dorsey,Destiny,(733) 877-0271,kobayasi@aol.com,1
Oconnell,Keon,(269) 765-2217,dowdy@optonline.net,10
Nelson,Abel,(997) 695-5304,formis@me.com,2
Solomon,Maddox,(454) 229-9992,choset@outlook.com,3
Mahoney,Julian,(832) 944-3548,liedra@gmail.com,2
Booth,Luz,(312) 533-8555,kohlis@verizon.net,7
Woodard,Esperanza,(630) 940-8269,gommix@yahoo.ca,4
Burton,Kaitlin,(990) 388-7349,violinhi@outlook.com,1
Gill,Janessa,(527) 644-5168,duncand@sbcglobal.net,10
Howe,Kailey,(959) 439-7549,mallanmba@live.com,8
Duncan,Monica,(779) 506-3914,josem@live.com,3
Kline,Urijah,(971) 257-2989,slanglois@icloud.com,2
Blair,Ayla,(498) 903-0260,jadavis@mac.com,6
Bonilla,Antonio,(699) 976-7957,mastinfo@hotmail.com,9
Martinez,Kaden,(491) 352-0571,phyruxus@gmail.com,10
Kramer,Corinne,(792) 311-7649,nicktrig@live.com,9
Brooks,Alexus,(481) 792-4844,floxy@optonline.net,8
Carson,Judith,(423) 856-6251,gilmoure@msn.com,6
Schmitt,Nathanael,(978) 522-6819,marcs@msn.com,1
Clements,Justice,(629) 843-0722,valdez@aol.com,5
Stevens,Kymani,(298) 307-1121,pereinar@live.com,10
